date,orders
2022-02-11,772.0
2022-02-12,690.0
2022-02-13,755.0
2022-02-14,682.0
2022-02-15,748.0
2022-02-16,698.0
2022-02-17,750.0
2022-02-18,686.0
2022-02-19,
2022-02-20,
2022-02-21,
2022-02-22,
2022-02-23,
2022-02-24,
2022-02-25,
2022-02-26,
2022-02-27,
2022-02-28,
2022-03-01,1010.0
2022-03-02,905.0
2022-03-03,1045.0
2022-03-04,886.0
2022-03-05,1036.0
2022-03-06,882.0
2022-03-07,1018.0
2022-03-08,862.0
2022-03-09,1044.0
2022-03-10,888.0
2022-03-11,1024.0
2022-03-12,873.0
2022-03-13,1050.0
2022-03-14,869.0
2022-03-15,1067.0
2022-03-16,888.0
2022-03-17,1010.0
2022-03-18,875.0
2022-03-19,1032.0
2022-03-20,884.0
2022-03-21,1036.0
2022-03-22,
2022-03-23,862.0
2022-03-24,1041.0
2022-03-25,874.0
2022-03-26,1048.0
2022-03-27,867.0
2022-03-28,1020.0
2022-03-29,878.0
2022-03-30,1018.0
2022-03-31,867.0
2022-04-01,1024.0
2022-04-02,885.0
2022-04-03,1059.0
2022-04-04,850.0
2022-04-05,1043.0
2022-04-06,852.0
