store_area,orders,avg_time,lat,lon
"10.0,76.2",32,117.84,9.97,76.24
"10.0,76.3",647,125.09,9.99,76.3
"11.0,76.9",301,127.4,11.02,76.94
"11.0,77.0",2749,125.34,11.01,76.98
"12.3,76.6",2126,122.84,12.32,76.63
"12.3,76.7",598,119.74,12.31,76.66
"12.4,76.6",153,128.76,12.35,76.61
"12.9,77.6",1044,126.74,12.93,77.61
"12.9,77.7",453,123.38,12.93,77.69
"13.0,77.6",1393,124.99,12.98,77.63
"13.0,77.7",157,116.75,12.98,77.7
"13.0,80.2",1341,124.61,13.01,80.22
"13.0,80.3",597,127.46,13.03,80.26
"13.1,80.2",592,125.6,13.08,80.23
"13.1,80.3",465,126.47,13.06,80.26
"15.2,74.0",36,125.94,15.16,73.95
"15.3,73.9",39,136.08,15.3,73.91
"15.5,73.8",275,121.78,15.51,73.79
"15.6,73.7",140,127.68,15.57,73.75
"15.6,73.8",97,125.63,15.57,73.76
"17.4,78.3",305,127.1,17.42,78.34
"17.4,78.4",1843,124.16,17.43,78.41
"17.5,78.4",602,124.91,17.45,78.38
"17.5,78.5",149,121.29,17.46,78.5
"17.5,78.6",146,131.75,17.48,78.55
"18.5,73.8",721,125.8,18.52,73.83
"18.5,73.9",1059,122.15,18.54,73.9
"18.6,73.8",908,126.22,18.58,73.78
"18.6,73.9",300,126.17,18.56,73.92
"18.9,72.8",156,126.28,18.93,72.83
"19.0,72.8",448,122.4,19.0,72.83
"19.1,72.8",1044,124.95,19.1,72.83
"19.1,72.9",305,119.47,19.12,72.91
"19.2,72.8",623,125.44,19.19,72.84
"19.2,72.9",159,125.36,19.22,72.86
"19.2,73.0",151,117.87,19.21,72.97
"19.3,72.8",151,127.23,19.25,72.85
"19.9,75.3",301,126.91,19.88,75.33
"19.9,75.4",234,127.51,19.88,75.36
"21.1,72.8",455,125.27,21.15,72.77
"21.2,72.8",2591,123.26,21.17,72.79
"22.3,73.2",1509,127.15,22.31,73.17
"22.5,88.3",65,127.25,22.54,88.34
"22.5,88.4",375,126.54,22.53,88.37
"22.6,88.4",235,121.98,22.56,88.38
"22.7,75.9",1838,123.98,22.72,75.89
"22.8,75.9",1191,123.73,22.76,75.89
"23.2,77.4",394,126.72,23.22,77.42
"23.3,77.4",64,133.23,23.27,77.39
"23.3,85.3",158,128.59,23.33,85.32
"23.4,85.3",2134,125.1,23.36,85.33
"23.4,85.4",150,123.72,23.4,85.39
"25.4,81.8",79,130.01,25.45,81.84
"25.4,81.9",35,136.06,25.44,81.86
"25.5,81.8",394,127.54,25.45,81.83
"25.5,81.9",35,131.43,25.46,81.86
"26.5,80.3",463,124.51,26.48,80.32
"26.5,80.4",183,127.27,26.47,80.36
"26.8,75.8",493,127.25,26.82,75.81
"26.9,75.8",2650,126.91,26.91,75.79
"27.0,75.8",164,129.49,26.96,75.78
"27.2,78.0",455,128.75,27.17,78.03
"27.2,78.1",76,121.68,27.16,78.06
"30.3,78.0",107,118.21,30.33,78.05
"30.3,78.1",180,134.03,30.34,78.06
"30.4,78.1",175,127.69,30.36,78.07
"30.9,75.8",665,126.85,30.89,75.82
