date,orders,avg_time,on_time,peak_share,jam_share,day_type
2022-02-11,772.0,112.67487046632124,0.8251295336787565,0.4961139896373057,0.20077720207253885,All-day
2022-02-12,690.0,142.86666666666667,0.5811594202898551,0.991304347826087,0.4463768115942029,Evening-only
2022-02-13,755.0,111.72582781456954,0.8344370860927153,0.5072847682119205,0.20662251655629138,All-day
2022-02-14,682.0,142.89149560117303,0.5733137829912024,0.9882697947214076,0.4413489736070381,Evening-only
2022-02-15,748.0,111.77272727272727,0.8462566844919787,0.5013368983957219,0.24598930481283424,All-day
2022-02-16,698.0,142.19770773638967,0.5673352435530086,0.9842406876790831,0.44412607449856734,Evening-only
2022-02-17,750.0,113.17866666666667,0.836,0.49333333333333335,0.22266666666666668,All-day
2022-02-18,686.0,139.93148688046648,0.5728862973760933,0.9839650145772595,0.41545189504373176,Evening-only
2022-02-19,,,,,,
2022-02-20,,,,,,
2022-02-21,,,,,,
2022-02-22,,,,,,
2022-02-23,,,,,,
2022-02-24,,,,,,
2022-02-25,,,,,,
2022-02-26,,,,,,
2022-02-27,,,,,,
2022-02-28,,,,,,
2022-03-01,1010.0,109.91188118811881,0.8524752475247525,0.4910891089108911,0.18613861386138614,All-day
2022-03-02,905.0,139.38011049723758,0.5845303867403315,0.9878453038674033,0.4331491712707182,Evening-only
2022-03-03,1045.0,109.37416267942584,0.8564593301435407,0.4966507177033493,0.20669856459330144,All-day
2022-03-04,886.0,138.4762979683973,0.5993227990970654,0.9785553047404063,0.4255079006772009,Evening-only
2022-03-05,1036.0,110.7519305019305,0.8407335907335908,0.49613899613899615,0.21911196911196912,All-day
2022-03-06,882.0,143.26190476190476,0.5702947845804989,0.9931972789115646,0.41609977324263037,Evening-only
2022-03-07,1018.0,109.25540275049116,0.862475442043222,0.4715127701375246,0.19351669941060903,All-day
2022-03-08,862.0,142.3584686774942,0.5661252900232019,0.9907192575406032,0.43503480278422274,Evening-only
2022-03-09,1044.0,111.13122605363985,0.8342911877394636,0.5009578544061303,0.2413793103448276,All-day
2022-03-10,888.0,143.52702702702703,0.5596846846846847,0.9808558558558559,0.4144144144144144,Evening-only
2022-03-11,1024.0,109.859375,0.84375,0.486328125,0.2216796875,All-day
2022-03-12,873.0,141.1340206185567,0.5750286368843069,0.9896907216494846,0.44558991981672397,Evening-only
2022-03-13,1050.0,107.59238095238095,0.8447619047619047,0.5085714285714286,0.22,All-day
2022-03-14,869.0,144.53279631760645,0.5604142692750288,0.9930955120828538,0.4430379746835443,Evening-only
2022-03-15,1067.0,111.0684161199625,0.8331771321462043,0.48828491096532334,0.20805998125585753,All-day
2022-03-16,888.0,143.71621621621622,0.5653153153153153,0.9876126126126126,0.44481981981981983,Evening-only
2022-03-17,1010.0,110.65742574257426,0.8495049504950495,0.49405940594059405,0.20693069306930692,All-day
2022-03-18,875.0,144.34514285714286,0.5497142857142857,0.9908571428571429,0.4228571428571429,Evening-only
2022-03-19,1032.0,111.19573643410853,0.8633720930232558,0.49806201550387597,0.2054263565891473,All-day
2022-03-20,884.0,143.81334841628959,0.5712669683257918,0.9875565610859729,0.46945701357466063,Evening-only
2022-03-21,1036.0,111.9584942084942,0.833976833976834,0.4980694980694981,0.22007722007722008,All-day
2022-03-22,,,,,,
2022-03-23,862.0,142.96519721577727,0.5638051044083526,0.9849187935034803,0.42923433874709976,Evening-only
2022-03-24,1041.0,109.56676272814602,0.8434197886647454,0.4783861671469741,0.20461095100864554,All-day
2022-03-25,874.0,139.29176201372997,0.5915331807780321,0.9908466819221968,0.4450800915331808,Evening-only
2022-03-26,1048.0,109.7337786259542,0.8368320610687023,0.5104961832061069,0.21755725190839695,All-day
2022-03-27,867.0,140.67474048442907,0.5813148788927336,0.9884659746251442,0.4429065743944637,Evening-only
2022-03-28,1020.0,111.46666666666667,0.8215686274509804,0.4970588235294118,0.24313725490196078,All-day
2022-03-29,878.0,144.60592255125286,0.5626423690205011,0.9817767653758542,0.428246013667426,Evening-only
2022-03-30,1018.0,111.524557956778,0.8418467583497053,0.5088408644400786,0.2406679764243615,All-day
2022-03-31,867.0,140.5997693194925,0.5882352941176471,0.9873125720876585,0.4244521337946944,Evening-only
2022-04-01,1024.0,110.9169921875,0.8544921875,0.5029296875,0.2041015625,All-day
2022-04-02,885.0,142.89830508474577,0.5853107344632769,0.9898305084745763,0.42598870056497173,Evening-only
2022-04-03,1059.0,109.5590179414542,0.8526912181303116,0.49291784702549574,0.20302171860245516,All-day
2022-04-04,850.0,139.40470588235294,0.5929411764705882,0.9929411764705882,0.43058823529411766,Evening-only
2022-04-05,1043.0,110.30297219558965,0.835091083413231,0.48609779482262705,0.20230105465004794,All-day
2022-04-06,852.0,141.35211267605635,0.5868544600938967,0.9859154929577465,0.4107981220657277,Evening-only
