,1-step MAE,1-step RMSE,1-step MAPE %,8-day MAE,8-day RMSE,8-day MAPE %
Mean,85.7,86.9,9.1,86.2,87.8,9.2
Naive (yesterday),167.9,169.2,17.8,88.0,113.2,8.7
Weekly seasonal naive (lag 7),161.2,161.9,17.1,147.5,156.8,15.4
7-day moving average,95.8,96.8,10.1,86.2,88.0,9.1
Seasonal naive (lag 2),13.9,17.7,1.5,17.5,21.5,1.9
Same-type average (last 3),14.2,17.1,1.5,15.2,16.6,1.6
Same-type average (all),13.2,15.4,1.4,16.5,18.4,1.8
Holt-Winters (period 2),13.2,15.4,1.4,16.5,18.4,1.8
Regression + AR(1) errors (day type),15.0,18.0,1.5,17.9,20.2,1.9
