hour,All-day,Evening-only
0,0.00789261744966443,0.012129294468787705
8,0.07871140939597315,0.0
9,0.08193288590604027,0.0
10,0.08316778523489933,0.0
11,0.08198657718120805,0.0
12,0.03871140939597315,0.0
13,0.03318120805369128,0.0
14,0.03328859060402684,0.0
15,0.0367248322147651,0.0
16,0.029583892617449665,0.0
17,0.0694765100671141,0.1315171143709913
18,0.07205369127516778,0.13818505112084842
19,0.07038926174496644,0.14510700450879532
20,0.0679731543624161,0.14555153362545248
21,0.07479194630872484,0.14332888804216676
22,0.06969127516778524,0.14326538388264431
23,0.07044295302013423,0.1409157299803137
