hour,orders_All-day,required_All-day,scheduled_All-day,orders_Evening-only,required_Evening-only,scheduled_Evening-only
8,82.0,52,52.0,0.0,0,0.0
9,85.4,54,55.0,0.0,0,0.0
10,86.7,55,55.0,0.0,0,0.0
11,85.4,54,55.0,0.0,0,0.0
12,40.3,26,26.0,0.0,0,0.0
13,34.6,22,23.0,0.0,0,0.0
14,34.7,22,23.0,0.0,0,0.0
15,38.3,24,24.0,0.0,0,0.0
16,30.8,20,20.0,0.0,0,65.0
17,72.4,46,46.0,113.4,71,71.0
18,75.1,47,47.0,119.1,75,75.0
19,73.3,46,46.0,125.1,79,79.0
20,70.8,45,49.0,125.5,79,79.0
21,77.9,49,49.0,123.5,78,78.0
22,72.6,46,46.0,123.5,78,78.0
23,73.4,46,46.0,121.5,76,76.0
24,8.2,6,26.0,10.5,7,7.0
